fold,best_epoch,train_loss,val_loss,test_loss,test_interaction_auroc,test_interaction_aupr,test_interaction_acc,test_interaction_f1,test_mechanism_acc,test_mechanism_f1,test_action_acc,test_action_f1
1,96,0.5784553677522785,0.6234806797561798,0.6323454994628358,0.9776897611543363,0.9788935525241179,0.9231182074332484,0.923313704496788,0.8204078894404938,0.8014754550600707,0.8737421172682142,0.8753070395102838
2,99,0.5721719668873513,0.6538702628829263,0.5782966579554418,0.9798365566846032,0.9811185868870228,0.9294914799409634,0.9296283896886508,0.8331544344559237,0.8151192683455113,0.8821280021467865,0.8833857351512538
3,100,0.5761269663158435,0.5861332686667774,0.5314800152834904,0.9799570307843911,0.9811755455664198,0.926673822621763,0.9262134611489907,0.8291962967932376,0.8115306450116749,0.8794445189856434,0.8802891377787764
4,100,0.5941802746648763,0.5828896592007601,0.6341640369510958,0.9794036455615686,0.9798723073268883,0.9235155987923516,0.9238273419751437,0.8242871519624287,0.806003880728438,0.8740691043274069,0.8755448392792105
5,100,0.6001038505987891,0.5726622578932002,0.5524795509459123,0.9794598485452476,0.9805029363579448,0.9240523314324053,0.9236682400539447,0.8183830929218383,0.7992989827525319,0.8703790674270379,0.8719217188560968
