{
    "cause": {
        "precision": 0.03571428571428571,
        "recall": 0.16666666666666666,
        "f1-score": 0.058823529411764705,
        "support": 12.0
    },
    "decrease": {
        "precision": 0.7583010888149014,
        "recall": 0.8841674535725528,
        "f1-score": 0.8164115481495834,
        "support": 9531.0
    },
    "increase": {
        "precision": 0.8548966111430213,
        "recall": 0.8273921200750469,
        "f1-score": 0.8409195239944913,
        "support": 14391.0
    },
    "none": {
        "precision": 0.9449736387399761,
        "recall": 0.8985549985255087,
        "f1-score": 0.9211799257147794,
        "support": 23737.0
    },
    "reduce": {
        "precision": 0.5517241379310345,
        "recall": 0.6153846153846154,
        "f1-score": 0.5818181818181818,
        "support": 26.0
    },
    "accuracy": 0.8738704740340063,
    "macro avg": {
        "precision": 0.6291219524686438,
        "recall": 0.6784331708448781,
        "f1-score": 0.6438305418177601,
        "support": 47697.0
    },
    "weighted avg": {
        "precision": 0.8800511032190628,
        "recall": 0.8738704740340063,
        "f1-score": 0.8756268190240548,
        "support": 47697.0
    }
}