{
    "cause": {
        "precision": 0.17567567567567569,
        "recall": 0.52,
        "f1-score": 0.26262626262626265,
        "support": 25.0
    },
    "decrease": {
        "precision": 0.7546800782341436,
        "recall": 0.8694206008583691,
        "f1-score": 0.8079972079573217,
        "support": 9320.0
    },
    "increase": {
        "precision": 0.8444713593616415,
        "recall": 0.8231821654281547,
        "f1-score": 0.8336908739229822,
        "support": 14399.0
    },
    "none": {
        "precision": 0.9430049541847516,
        "recall": 0.899205685618729,
        "f1-score": 0.9205846476492114,
        "support": 23920.0
    },
    "reduce": {
        "precision": 0.5,
        "recall": 0.6176470588235294,
        "f1-score": 0.5526315789473685,
        "support": 34.0
    },
    "accuracy": 0.8700364795169608,
    "macro avg": {
        "precision": 0.6435664134912426,
        "recall": 0.7458911021457565,
        "f1-score": 0.6755061142206293,
        "support": 47698.0
    },
    "weighted avg": {
        "precision": 0.8757438850388202,
        "recall": 0.8700364795169608,
        "f1-score": 0.8717470077109789,
        "support": 47698.0
    }
}