{
    "cause": {
        "precision": 0.18867924528301888,
        "recall": 0.45454545454545453,
        "f1-score": 0.26666666666666666,
        "support": 22.0
    },
    "decrease": {
        "precision": 0.7633317822242903,
        "recall": 0.8753468516542156,
        "f1-score": 0.815510812826249,
        "support": 9370.0
    },
    "increase": {
        "precision": 0.8542397137745975,
        "recall": 0.8279927867942849,
        "f1-score": 0.8409114922692212,
        "support": 14418.0
    },
    "none": {
        "precision": 0.9433178917926754,
        "recall": 0.9049176204251037,
        "f1-score": 0.9237188402696053,
        "support": 23853.0
    },
    "reduce": {
        "precision": 0.5714285714285714,
        "recall": 0.7058823529411765,
        "f1-score": 0.631578947368421,
        "support": 34.0
    },
    "accuracy": 0.8755057970102942,
    "macro avg": {
        "precision": 0.6641994409006307,
        "recall": 0.753737013272047,
        "f1-score": 0.6956773518800328,
        "support": 47697.0
    },
    "weighted avg": {
        "precision": 0.8804199044048732,
        "recall": 0.8755057970102942,
        "f1-score": 0.8769189688984145,
        "support": 47697.0
    }
}