{
    "cause": {
        "precision": 0.17647058823529413,
        "recall": 0.4444444444444444,
        "f1-score": 0.25263157894736843,
        "support": 27.0
    },
    "decrease": {
        "precision": 0.7608735547806937,
        "recall": 0.8841970569417786,
        "f1-score": 0.8179128033142632,
        "support": 9378.0
    },
    "increase": {
        "precision": 0.856862174355989,
        "recall": 0.8234265734265734,
        "f1-score": 0.8398117110049211,
        "support": 14300.0
    },
    "none": {
        "precision": 0.9448266852464727,
        "recall": 0.9052108974091535,
        "f1-score": 0.9245946349050774,
        "support": 23969.0
    },
    "reduce": {
        "precision": 0.52,
        "recall": 0.5652173913043478,
        "f1-score": 0.5416666666666666,
        "support": 23.0
    },
    "accuracy": 0.8761347673857894,
    "macro avg": {
        "precision": 0.6518066005236899,
        "recall": 0.7244992727052595,
        "f1-score": 0.6753234789676593,
        "support": 47697.0
    },
    "weighted avg": {
        "precision": 0.8816461583449493,
        "recall": 0.8761347673857894,
        "f1-score": 0.8776355310995713,
        "support": 47697.0
    }
}