{
    "cause": {
        "precision": 0.022727272727272728,
        "recall": 0.04,
        "f1-score": 0.028985507246376812,
        "support": 25.0
    },
    "decrease": {
        "precision": 0.7557612216566404,
        "recall": 0.8734624023959782,
        "f1-score": 0.8103602262578148,
        "support": 9349.0
    },
    "increase": {
        "precision": 0.8457454441096284,
        "recall": 0.8206627680311891,
        "f1-score": 0.8330153346053283,
        "support": 14364.0
    },
    "none": {
        "precision": 0.9412845642282114,
        "recall": 0.8991515860743093,
        "f1-score": 0.9197358014663446,
        "support": 23927.0
    },
    "reduce": {
        "precision": 0.4909090909090909,
        "recall": 0.8181818181818182,
        "f1-score": 0.6136363636363636,
        "support": 33.0
    },
    "accuracy": 0.8699735837980628,
    "macro avg": {
        "precision": 0.6112855187261687,
        "recall": 0.690291714936659,
        "f1-score": 0.6411466466424456,
        "support": 47698.0
    },
    "weighted avg": {
        "precision": 0.8753571045026045,
        "recall": 0.8699735837980628,
        "f1-score": 0.8715036936752406,
        "support": 47698.0
    }
}